,comment,helpfullness,score
0,good full bodi cup tea get bitter fruiti one might expect goe well dessert good night one want someth stronger mint chamomill tea,5.0,5.0
1,i drink mighti leaf organ detox infus tea everi night perfect caffein free it delici mint aftertast i 100 recommend,4.0,5.0
2,delici healthi whole grain cornmeal much better groceri store kind much expens recommend,4.0,5.0
3,i tri first time expect chiclet like crunchi shell but yogurt coat soft i quick develop real tast though i care yogurt per se they sweet good substitut candi i like see flavor addit vanilla vanilla good i order,4.0,5.0
4,tulli coffe hous blend decaffein incred it medium bold flavor great first cup morn get go i drink bitter smooth back tongu mmmmm no one even realiz decaf either,1.0,5.0
5,this good choic organ prune babi i make babi food buy prune addit fiber easier make these decent valu price normal realli good case option normal store 2 tub pack 1 chang this case 8 pack make total 16 tub it lot prune eat often love,1.0,5.0
6,i never drink tea alon i alway steep anoth tea oolong jasmin tast best i use honey sugar sweeten hatch goe expect um gastrointestin respons next day sometim i feel bit cramp sometim i sometim take next day work sometim,5.0,4.0
7,seed nice nutti flavor better tast david brand seed not biggest seed definit small either anoth review mention high amount sodium i notic in fact i thought less salt tast wise anyway lot brand,4.0,4.0
8,this instant cappuccino similar i bought gas station it make medium size cup it sweet i like chang pace just awar coffe shop cappuccino,1.0,4.0
9,this larger i realiz fault i wish half size this like meal treat least mid larg size dog my lab went within minut long chew larg treat she love i buy i think much treat size 80 lbs,1.0,4.0
10,i use protein shake chocol protein powder almond milk sf banana syrup it help keep calori reason protein flavor high the first time i bought small regular size jar next time larger bag i keep buy,1.0,4.0
11,this happen tri cross juic soda somehow work carbon slight sweet 100 juic drink give bubbl soda experi without sticki sweet make feel slight ill the berri flavor strong carbon right amount br br the downsid size for reason come red bull size can leav want a regular 12 oz soda would serv excel drink better,1.0,4.0
12,this sauc big hit famili we use sandwich dip sauc chicken nugget sort marinad it nice delay kick it work well mani differ food pinch use dip veggi chip veri versatil,1.0,4.0
13,when male dog develop recurr anal gland infect vet recommend ad can pumpkin meal fiber unfortun can pumpkin season item local store i excit find item avail via subscrib save i occasion found dent can frequent sever enough use anyway both dog enjoy,1.0,4.0
14,so bewar instant coffe not real coffe i expect dark roast sort brew hint vanilla my mistak read other review that said bad instant though think machin gas station pick flavor i would differ reason not morn pick also load sugar fat dieter bewar,1.0,4.0
15,ok better coffe but smell realli good ad bailey mint chocol awesom,4.0,3.0
16,onli pop coupl pound seem ok unpop normal we 6 oz paramount machin love use pop,4.0,3.0
17,the chantea alo vera green tea passion fruit flavor somewhat decent howev i call fan i realli like tea i never drink decid tri sinc passion fruit flavor mix i smell open cap drink strong passion fruit scent the passion fruit flavor also realli strong point cannot tast flavor green tea it also sweet seem like i drink juic in opinion littl sweet the chunk alo vera interest basic kill drink the chunki slimi textur alo vera kind gross i finish small glass i pour i end pour glass sink i also found interest tea product taiwan br br if like veri sweet tea fruiti twist probabl like as i buy futur,1.0,3.0
18,my terrier love food first think got tire buy dri food,1.0,3.0
19,quaker oatmeal squar littl bland touch cinnamon flavor had milk thought crunchi noth special it quit fill look quick breakfast last till lunch trick the famili actual enjoy squar snack food milk also quit fill,1.0,3.0
20,a back i order product arriv i found coffe light blend the coffe good howev i prefer medium blend coffe this time i order i check list close note coffe list medium to make long stori shorter coffe ariv light blend fool shame fool twice shame i reorder,1.0,3.0
21,i order stuff bulk review look good i doubt would great mayb i littl hard i like champion bread maker i almost destroy i figur gluten caus psoriasi my bread turn mishapen like brick just super heavi like week old regular bread kinda crumbl it take like hour half finish cook insid i guess gluten free bread bad best could come i must say nicer aroma bread i tri i impress i go bake anoth loaf pray i someth wrong first time i mean debbi downer best i heard i may give sandwich togeth i hope bread turn better mine is way repost review next loaf turn great oh well surpris first loaf disast i kitchen queen good p s i vegan use egg substitut mayb secret egg,1.0,3.0
22,i though i would good i french le rougi best qualiti brand i want test christma parti a good thing i box receiv tasteless i prefer duck foie gras goos duck stronger tast compar goos wich subtil i disappoint in end i order whole duck foi gras made usa,5.0,2.0
23,had crave sorghum molass i grew eat biscuit morn realli nowher california buy just receiv 2 jar high hope tast i rememb if grew kentucki tennesse western part virginia product may expect don get wrong tast realli bad textur true tang molass use common appalachia could addit sugar cane molass citric acid give textur aftertast familiar mayb make good cooki guess i keep look,5.0,2.0
24,i pick box goodearth caffein free origin tea discount store late i drank sever cup i realli impress intens flavor how could sweet sugar if look packag look natur healthi read ingredi number three artifici flavor consid order ingredi list indic relat percentag content signific portion tea artif flavor which mean what heck made who know stuff get toss trash i never trust goodearth by way manufactur tata enterpris india might want research,4.0,2.0
25,of 34 k cup 10 varieti we receiv 6 french vanilla hazelnut just like everyon said order thrown box,4.0,2.0
26,i deserv get nasti product i select product flavor wasabi soy sauc if realli like wasabi soy sauc buy product the nut high qualiti,1.0,2.0
27,do purchas they normal approv k cup they contain instant mix suppos dissolv water oppos standard filter system these melt solid sheet bottom make useless not recommend,4.0,1.0
28,give reason buy nespresso websit half price 0 57 cap 6 95 ship br total 70 per cap ship includ 1 22 per cap quantiti br i usual buy amazon i find good deal br you revis price chang busi br i updat review chang price least cheaper nespresso,4.0,1.0
29,even sale price 42 costco beat 6 exact item i done cost research buy sale promo,1.0,1.0
30,to make edibl i found i drain half wateri brownish sauc otherwis like soup this i expect micro ravioli product noth like mini ravioli i use the flavor sauc bland tomato mini ravioli the ravioli seem fill speak,1.0,1.0
